{


    "variables": {
        "aws_access_key": "AKIAWS3YNDQKINEDVOEK",
        "aws_secret_key": "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",
        "aws_region": "us-east-1"
    },
    "builders": [
        {
            "type": "amazon-ebs",
            "access_key": "{{user `aws_access_key`}}",
            "secret_key": "{{user `aws_secret_key`}}",
            "region": "{{user `aws_region`}}",
            "source_ami_filter": {
                "filters": {
                    "virtualization-type": "hvm",
                    "name": "amzn2-ami-hvm-*",
                    "root-device-type": "ebs"
                },
                "most_recent": true,
                "owners": ["amazon"]
            },
            "instance_type": "t2.micro",
            "ssh_username": "ec2-user",
            "ami_name": "Custom AMI",
            "tags": {
                "Name": "Custom AMI"
            }
        }
        ],
            "provisioners": [
                {
                    "type": "file",
                    "source": "tmp/node.sh",
                    "destination": "/tmp/node.sh"
                },
                {
                    "type": "file",
                    "source": "tmp/postgresql.sh",
                    "destination": "/tmp/postgresql.sh"
                },
                {
                    "type":"file",
                    "source": "../service/webapp.service",
                    "destination":"../service/webapp.service"
                },
                {
                    "type": "shell",
                    "inline": [
                       "sudo chmod +x /tmp/node.sh",
                       "sudo /tmp/node.sh",
                        "sudo chmod +x /tmp/postgresql.sh",
                        "sudo /tmp/postgresql.sh"
                    ]
                },
                {
    "type": "shell",
    "inline": [
      "rpm -Va --nofiles --nodigest"
    ]
  }
            ]

}
